strategy,pair,total_return,annualized_return,volatility,sharpe,sortino,max_drawdown,calmar
pair_trading,XRP/USDT:USDT|LTC/USDT:USDT,0.5041705738203086,0.1582271581913015,0.21802872124828854,0.7827506799765236,0.5422141855583676,-0.18193871883716373,0.8696728173232647
buy_hold_asset_a,XRP/USDT:USDT|LTC/USDT:USDT,3.1155991966079,0.6637222448179716,0.8433189252757997,1.0219221705651116,1.3227715039227148,-0.5281138790035587,1.25677864416341
buy_hold_asset_b,XRP/USDT:USDT|LTC/USDT:USDT,-0.16864608076009502,-0.06429712141317268,0.7824622546267623,0.30782862429670094,0.3836421042645692,-0.5571686579605446,-0.11539974565067122
equal_weight_buy_hold,XRP/USDT:USDT|LTC/USDT:USDT,1.4734765579239029,0.38521485764411634,0.7634967118425878,0.8088647754136039,0.9960912575528847,-0.5114190805724919,0.75322738684857
no_trade,XRP/USDT:USDT|LTC/USDT:USDT,0.0,0.0,0.0,,,0.0,
simple_mean_reversion_no_coint,XRP/USDT:USDT|LTC/USDT:USDT,-0.22495091575575632,-0.08761267515327975,0.32253469273585095,-0.12324581157859227,-0.09915334041948932,-0.3726283576725371,-0.23512079354484633
