strategy,pair,total_return,annualized_return,volatility,sharpe,sortino,max_drawdown,calmar
pair_trading,DOGE/USDT:USDT|AVAX/USDT:USDT,-0.3010133439672835,-0.12090070954723187,0.1384661315805898,-0.8612705964391456,-0.5505520422518126,-0.376362544566031,-0.32123470120183656
buy_hold_asset_a,DOGE/USDT:USDT|AVAX/USDT:USDT,0.5117382937780628,0.16032050000204934,0.9449781447273204,0.6286333074658322,0.8138307911674094,-0.7537691612170658,0.21269177388895752
buy_hold_asset_b,DOGE/USDT:USDT|AVAX/USDT:USDT,-0.30210043593953473,-0.12139289429737476,0.9254330968118532,0.3238806188425305,0.4307176308708604,-0.8232633835657168,-0.1474532898227516
equal_weight_buy_hold,DOGE/USDT:USDT|AVAX/USDT:USDT,0.10481892891926403,0.03651762175388362,0.8729385273524015,0.4790109985735384,0.6074394047356466,-0.7588980718356437,0.048119270701997945
no_trade,DOGE/USDT:USDT|AVAX/USDT:USDT,0.0,0.0,0.0,,,0.0,
simple_mean_reversion_no_coint,DOGE/USDT:USDT|AVAX/USDT:USDT,-0.7387384432369413,-0.3830409128103339,28.924149354946984,-0.5589048420737566,-0.2823221808919051,-1.2052291949633032,-0.3178158265756222
